爬虫 | 继helloworld程序 『scrapy & redis』,https://cloud.tencent.com/developer/article/1145701,173,4
爬虫基础篇,https://cloud.tencent.com/developer/article/1180506,58,0
java爬虫入门,https://cloud.tencent.com/developer/article/1154920,107,3
爬虫相关总结,https://cloud.tencent.com/developer/article/1108099,289,7
python爬虫原理,https://cloud.tencent.com/developer/article/1173348,111,3
爬虫练习--草稿,https://cloud.tencent.com/developer/article/1125228,271,4
python 爬虫入门,https://cloud.tencent.com/developer/article/1187922,71,2
爬虫之useragent,https://cloud.tencent.com/developer/article/1139410,113,0
爬虫课堂（十九）|编写spider之使用item封装数据,https://cloud.tencent.com/developer/article/1131827,195,6
爬虫课堂（十六）|scrapy框架结构及工作原理,https://cloud.tencent.com/developer/article/1131826,243,5
爬虫课堂（十七）|scrapy爬虫开发流程,https://cloud.tencent.com/developer/article/1131822,188,4
爬虫课堂（十八）|编写spider之使用selector提取数据,https://cloud.tencent.com/developer/article/1131820,248,6
爬虫课堂（十五）|request和response（请求和响应）,https://cloud.tencent.com/developer/article/1131808,260,6
爬虫课堂（十四）|url的去重方法,https://cloud.tencent.com/developer/article/1131795,299,7
爬虫课堂（二十八）|spider和crawlspider的源码分析,https://cloud.tencent.com/developer/article/1131876,269,6
爬虫课堂（二十七）|使用scrapy-redis框架实现分布式爬虫（2）源码分析,https://cloud.tencent.com/developer/article/1131867,320,6
爬虫课堂（二十四）|使用splash爬取京东商城的动态信息（2）,https://cloud.tencent.com/developer/article/1131850,261,6
爬虫课堂（二十五）|使用crawlspider、linkextractors、rule进行全站爬取,https://cloud.tencent.com/developer/article/1131843,204,6
爬虫课堂（二十六）|使用scrapy-redis框架实现分布式爬虫（1）,https://cloud.tencent.com/developer/article/1131841,252,5
爬虫课堂（二十一）|使用filespipeline和imagespipeline下载文件和图片,https://cloud.tencent.com/developer/article/1131835,239,6
php爬虫,https://cloud.tencent.com/developer/article/1180623,64,0
网络爬虫 | java 实现 ai人工智能技术 - 网络爬虫功能,https://cloud.tencent.com/developer/article/1169727,122,4
爬虫的那点事第一篇一、在（反）爬虫路上的心得和解决方案二、分布式爬虫的经验三、对于后期的内容精准推送有什么建议四、爬虫中遇到的一些坑五、视频落地和精准推送六、数据落地，后期做用户画像考虑,https://cloud.tencent.com/developer/article/1150865,139,2
爬虫简介,https://cloud.tencent.com/developer/article/1139414,159,0
爬虫架构|利用kafka处理数据推送问题（3）架构图,https://cloud.tencent.com/developer/article/1131878,193,5
爬虫架构|celery+rabbitmq快速入门（四）整合版本,https://cloud.tencent.com/developer/article/1131863,302,6
爬虫架构|利用kafka处理数据推送问题（1）,https://cloud.tencent.com/developer/article/1131858,224,6
爬虫架构|利用kafka处理数据推送问题（2）,https://cloud.tencent.com/developer/article/1131854,327,12
爬虫架构|celery+rabbitmq快速入门（三）,https://cloud.tencent.com/developer/article/1131832,283,6
爬虫架构|celery+rabbitmq快速入门（二）,https://cloud.tencent.com/developer/article/1131788,217,6
学爬虫之道,https://cloud.tencent.com/developer/article/1187614,62,2
爬虫入门（一）：轻量级爬虫,https://cloud.tencent.com/developer/article/1178916,32,1
分享一只爬虫,https://cloud.tencent.com/developer/article/1143918,143,6
day1爬虫原理,https://cloud.tencent.com/developer/article/1109739,301,6
爬虫小工具合集|不会编程也能爬数据,https://cloud.tencent.com/developer/article/1188715,47,2
爬虫系列的总结,https://cloud.tencent.com/developer/article/1187759,79,3
网络爬虫之投票,https://cloud.tencent.com/developer/article/1113218,307,5
python爬虫代理池,https://cloud.tencent.com/developer/article/1149256,156,8
爬虫框架整理汇总,https://cloud.tencent.com/developer/article/1147061,190,6
python网站爬虫教程,https://cloud.tencent.com/developer/article/1182932,81,4
java调用python爬虫,https://cloud.tencent.com/developer/article/1113161,493,9
爬虫之proxy（代理）,https://cloud.tencent.com/developer/article/1139409,83,0
爬虫入门（二）：单线程爬虫,https://cloud.tencent.com/developer/article/1178919,63,2
如何入门 python 爬虫？,https://cloud.tencent.com/developer/article/1183552,76,2
scrapy-redis分布式爬虫,https://cloud.tencent.com/developer/article/1156256,105,2
python爬虫-- scrapy入门,https://cloud.tencent.com/developer/article/1169746,80,5
golang爬虫初体验,https://cloud.tencent.com/developer/article/1175881,76,4
反爬虫和反反爬虫（上篇）,https://cloud.tencent.com/developer/article/1163912,65,2
发爬虫和反反爬虫（下篇）,https://cloud.tencent.com/developer/article/1163905,94,2
golang 多线程爬虫,https://cloud.tencent.com/developer/article/1174987,51,2
网络爬虫的应用领域,https://cloud.tencent.com/developer/article/1145358,158,4
python爬虫之初体验,https://cloud.tencent.com/developer/article/1115278,345,7
网络爬虫之密码破解,https://cloud.tencent.com/developer/article/1113500,301,7
大规模爬虫流程总结,https://cloud.tencent.com/developer/article/1106504,270,11
java网络爬虫基础知识,https://cloud.tencent.com/developer/article/1187321,49,2
do部署python爬虫应用,https://cloud.tencent.com/developer/article/1178986,68,3
python爬虫之入门学习,https://cloud.tencent.com/developer/article/1178706,69,3
python爬虫之基本原理,https://cloud.tencent.com/developer/article/1169626,43,3
python学习之爬虫入门,https://cloud.tencent.com/developer/article/1164067,147,2
1小时入门 python 爬虫,https://cloud.tencent.com/developer/article/1102162,326,5
搭建 pyspider 爬虫服务,https://cloud.tencent.com/developer/article/1151513,127,2
python实现简单爬虫功能,https://cloud.tencent.com/developer/article/1115634,281,7
python爬虫小白入门（一）,https://cloud.tencent.com/developer/article/1117171,423,11
什么是爬虫？ python爬虫基本知识,https://cloud.tencent.com/developer/article/1167268,146,3
分布式爬虫原理之分布式爬虫原理,https://cloud.tencent.com/developer/article/1151843,133,4
python爬虫之beautifulsoup,https://cloud.tencent.com/developer/article/1115281,355,10
python爬虫基本知识：什么是爬虫？,https://cloud.tencent.com/developer/article/1116356,321,6
爬虫大神，又出新招,https://cloud.tencent.com/developer/article/1170419,94,3
爬虫大神，又出新招,https://cloud.tencent.com/developer/article/1149471,132,5
爬虫之ssh证书警告错误,https://cloud.tencent.com/developer/article/1139398,149,0
python爬虫爬取美剧网站,https://cloud.tencent.com/developer/article/1171916,92,0
爬虫攻防之前端策略简析,https://cloud.tencent.com/developer/article/1168819,90,2
webmagic初探，了解爬虫,https://cloud.tencent.com/developer/article/1143884,137,3
爬虫之urllib.error模块,https://cloud.tencent.com/developer/article/1139412,123,0
爬虫入门（四）：urllib2,https://cloud.tencent.com/developer/article/1178921,73,3
公众号+增量爬虫开发分享,https://cloud.tencent.com/developer/article/1152181,86,2
python爬虫-爬取盗墓笔记,https://cloud.tencent.com/developer/article/1152160,79,6
『python 爬虫文集梳理』,https://cloud.tencent.com/developer/article/1143937,190,4
网络爬虫之scrapy框架详解,https://cloud.tencent.com/developer/article/1162938,75,4
实现简单的python爬虫功能,https://cloud.tencent.com/developer/article/1147441,201,6
一篇了解爬虫技术方方面面,https://cloud.tencent.com/developer/article/1115357,376,9
python爬虫之模拟登录wechat,https://cloud.tencent.com/developer/article/1178476,53,1
干货 | python 爬虫的工具列表大全,https://cloud.tencent.com/developer/article/1109762,294,6
python爬虫：一些常用的爬虫技巧总结,https://cloud.tencent.com/developer/article/1115851,275,7
python爬虫学习:电商数据分析,https://cloud.tencent.com/developer/article/1166892,107,2
学会运用爬虫框架 scrapy (二),https://cloud.tencent.com/developer/article/1187786,64,1
学会运用爬虫框架 scrapy (三),https://cloud.tencent.com/developer/article/1187778,59,3
学会运用爬虫框架 scrapy (一),https://cloud.tencent.com/developer/article/1187456,39,1
爬虫与反爬虫的博弈,https://cloud.tencent.com/developer/article/1187764,70,2
关于.net玩爬虫这些事,https://cloud.tencent.com/developer/article/1187261,80,3
聊一聊数据获取和爬虫,https://cloud.tencent.com/developer/article/1135991,201,3
python爬虫爬取知乎小结,https://cloud.tencent.com/developer/article/1115024,258,10
超轻量级爬虫框架：looter,https://cloud.tencent.com/developer/article/1180230,51,0
数学之美：图论和网络爬虫,https://cloud.tencent.com/developer/article/1131777,246,4
爬虫模拟登录―oauth的详解,https://cloud.tencent.com/developer/article/1178703,85,2
爬虫的盗亦有道-robots协议,https://cloud.tencent.com/developer/article/1107852,359,13
python入门网络爬虫之精华版,https://cloud.tencent.com/developer/article/1182918,34,1
19个案例轻松学会python爬虫,https://cloud.tencent.com/developer/article/1176881,57,2
用python爬虫抓取免费代理ip,https://cloud.tencent.com/developer/article/1167563,95,3
4 幅思维导图：python 爬虫 | requests，beautifulsoup，scrapy,https://cloud.tencent.com/developer/article/1159902,50,2
强大的异步爬虫 with aiohttp,https://cloud.tencent.com/developer/article/1164882,69,2
python爬虫之模拟登录京东商城,https://cloud.tencent.com/developer/article/1178702,79,2
python网络数据采集之创建爬虫|第00天,https://cloud.tencent.com/developer/article/1140240,136,4
python网络数据采集之创建爬虫|第02天,https://cloud.tencent.com/developer/article/1140226,116,3
python网络数据采集之创建爬虫|第00天,https://cloud.tencent.com/developer/article/1106368,386,5
python3网络爬虫(抓取文字信息),https://cloud.tencent.com/developer/article/1137392,203,4
python爬虫之快速入门正则表达式,https://cloud.tencent.com/developer/article/1178710,93,3
python爬虫实战入门一：工具准备,https://cloud.tencent.com/developer/article/1152954,114,2
爬虫课程（一）｜课程介绍和安排,https://cloud.tencent.com/developer/article/1131628,314,9
python爬虫基础知识：异常的处理,https://cloud.tencent.com/developer/article/1114106,271,10
网络爬虫框架scrapy详解之request,https://cloud.tencent.com/developer/article/1180232,65,0
python爬虫库-beautifulsoup的使用,https://cloud.tencent.com/developer/article/1182833,64,3
python爬虫利器：requests库的使用,https://cloud.tencent.com/developer/article/1181937,44,1
python爬虫之scrapy学习（基础篇）,https://cloud.tencent.com/developer/article/1178483,86,3
python爬虫库-beautifulsoup的使用,https://cloud.tencent.com/developer/article/1171910,60,0
分布式爬虫原理之scrapy分布式实现,https://cloud.tencent.com/developer/article/1151853,145,6
python爬虫库-beautiful soup的使用,https://cloud.tencent.com/developer/article/1169722,112,3
python 爬虫必备-正则表达式（re模块）,https://cloud.tencent.com/developer/article/1137073,134,3
python 爬虫实战（二）：使用 requests-html,https://cloud.tencent.com/developer/article/1112519,394,8
python爬虫之微打赏爬虫网站分析代码,https://cloud.tencent.com/developer/article/1155618,90,2
3款你必须知道的爬虫工具,https://cloud.tencent.com/developer/article/1178700,44,1
python爬虫之模拟登录拉勾网,https://cloud.tencent.com/developer/article/1178459,71,2
用爬虫来揭露约稿骗局的真相,https://cloud.tencent.com/developer/article/1156855,63,1
java爬虫之匿名代理ip的获取,https://cloud.tencent.com/developer/article/1154923,75,3
用casperjs构建你的网络爬虫,https://cloud.tencent.com/developer/article/1140493,113,3
python 爬虫：爬取小说花千骨,https://cloud.tencent.com/developer/article/1114803,377,5
爬虫学到什么程度可以去找工作,https://cloud.tencent.com/developer/article/1164890,69,1
爬虫学到什么程度可以去找工作,https://cloud.tencent.com/developer/article/1138919,163,0
最通俗的 python3 网络爬虫入门,https://cloud.tencent.com/developer/article/1171740,88,0
java爬虫get校花网所有美女图片,https://cloud.tencent.com/developer/article/1148241,185,9
golang 原生实现简单爬虫：了解网络爬虫原理,https://cloud.tencent.com/developer/article/1169623,99,3
想提高爬虫效率？ aiohttp 了解下,https://cloud.tencent.com/developer/article/1187941,72,4
python爬虫之六：智联招聘进阶版,https://cloud.tencent.com/developer/article/1181935,66,1
解读爬虫中http的秘密（高阶篇）,https://cloud.tencent.com/developer/article/1178701,58,2
解读爬虫中http的秘密（基础篇）,https://cloud.tencent.com/developer/article/1178699,59,1
eagle 自带爬虫功能的图片数据库,https://cloud.tencent.com/developer/article/1174642,56,3
从零开始的 python 爬虫速成指南,https://cloud.tencent.com/developer/article/1149210,130,4
从零开始的 python 爬虫速成指南,https://cloud.tencent.com/developer/article/1114800,334,6
学会运用爬虫框架 scrapy (五) ―― 部署爬虫,https://cloud.tencent.com/developer/article/1187769,74,4
给爬虫爱好者的福利 selectgadget,https://cloud.tencent.com/developer/article/1178377,54,1
18个python爬虫实战案例（已开源）,https://cloud.tencent.com/developer/article/1172940,66,3
如何用python爬虫获取那些价值博文,https://cloud.tencent.com/developer/article/1170751,80,0
scrapy框架的使用之scrapy通用爬虫,https://cloud.tencent.com/developer/article/1151846,105,5
scrapy1.4最新官方文档总结 4 爬虫,https://cloud.tencent.com/developer/article/1106525,267,9
python爬虫之beautifulsoup解析之路,https://cloud.tencent.com/developer/article/1178697,50,1
python爬虫基础知识：爬虫框架scrapy的安装说明,https://cloud.tencent.com/developer/article/1114883,315,9
python网络爬虫笔记（二）：链接爬虫和下载限速,https://cloud.tencent.com/developer/article/1111804,367,9
21天打造分布式爬虫-scrapy框架（七）,https://cloud.tencent.com/developer/article/1183181,57,1
python爬虫--调用百度翻译进行文本翻译,https://cloud.tencent.com/developer/article/1174879,78,1
最新实用python异步爬虫代理池（开源）,https://cloud.tencent.com/developer/article/1167151,77,1
爬虫课程｜利用python scrapy进行爬虫开发指南清单,https://cloud.tencent.com/developer/article/1131521,235,6
pyspider 爬虫教程（二）：ajax 和 http,https://cloud.tencent.com/developer/article/1102606,268,7
从0到1掌握r语言网络爬虫,https://cloud.tencent.com/developer/article/1106894,250,4
基于 python 的 scrapy 爬虫入门：代码详解,https://cloud.tencent.com/developer/article/1106633,382,9
python爬虫chrome网页解析工具-xpath helper,https://cloud.tencent.com/developer/article/1165234,107,3
看秦时明月引起的一次爬虫,https://cloud.tencent.com/developer/article/1144904,164,3
你的爬虫会送老板进监狱么,https://cloud.tencent.com/developer/article/1106017,327,6
【爬虫】（八）python之爬虫和数据小解析,https://cloud.tencent.com/developer/article/1178935,80,3
爬虫框架scrapy的第一个爬虫示例入门教程,https://cloud.tencent.com/developer/article/1114878,328,8
关于反爬虫，看这一篇就够了,https://cloud.tencent.com/developer/article/1185586,76,2
爬虫工程师面试题总结，带你入门python爬虫,https://cloud.tencent.com/developer/article/1169578,68,3
python网络爬虫与信息抽取笔记05 爬虫实战1,https://cloud.tencent.com/developer/article/1143501,72,2
python网络爬虫与信息抽取笔记06 爬虫实战2,https://cloud.tencent.com/developer/article/1143494,135,2
手把手教你用.net core写爬虫,https://cloud.tencent.com/developer/article/1148961,136,2
手把手教你用.net core写爬虫,https://cloud.tencent.com/developer/article/1133355,174,12
python爬虫之阳光电影爬虫爬虫分析代码,https://cloud.tencent.com/developer/article/1155615,124,5
python爬虫之urllib库―进阶篇,https://cloud.tencent.com/developer/article/1178708,56,1
python爬虫之一个海贼迷的呐喊,https://cloud.tencent.com/developer/article/1178439,58,3
python3获取本机公网ip(爬虫法),https://cloud.tencent.com/developer/article/1103531,349,5
用python爬虫抓站的一些技巧总结,https://cloud.tencent.com/developer/article/1114028,267,5
python爬虫之urllib库―爬虫的第一步,https://cloud.tencent.com/developer/article/1178707,54,1
python神技能 | 使用爬虫获取汽车之家全车型数据,https://cloud.tencent.com/developer/article/1115195,404,9
【mooc】python网络爬虫与信息提取,https://cloud.tencent.com/developer/article/1178876,57,2
一个全球最大成人网站的python爬虫,https://cloud.tencent.com/developer/article/1170516,88,2
高阶爬虫实战：破解极验滑动验证码,https://cloud.tencent.com/developer/article/1167553,126,6
从网络爬虫到机器学习该如何学习？,https://cloud.tencent.com/developer/article/1153139,125,5
【技能】python爬虫和情感分析简介,https://cloud.tencent.com/developer/article/1106803,259,4
python爬虫基础知识：百度贴吧网络爬虫及源码分享,https://cloud.tencent.com/developer/article/1114890,285,10
分布式爬虫的部署之scrapyd批量部署,https://cloud.tencent.com/developer/article/1151849,105,3
python爬虫常用的小技巧-设置代理ip,https://cloud.tencent.com/developer/article/1149548,128,5
【收藏】python 爬虫的工具列表大全,https://cloud.tencent.com/developer/article/1135153,167,4
python3爬虫抓取网易云音乐热评实战,https://cloud.tencent.com/developer/article/1114791,427,6
java爬虫入门实战：爬取京东图书信息,https://cloud.tencent.com/developer/article/1187325,74,2
python程序员需要掌握的网络爬虫技术,https://cloud.tencent.com/developer/article/1164028,100,3
你为什么学爬虫？ （赠书活动第③期）,https://cloud.tencent.com/developer/article/1163874,59,1
分布式爬虫的部署之gerapy分布式管理,https://cloud.tencent.com/developer/article/1151762,137,6
史上最全 python 爬虫抓取的技巧总结,https://cloud.tencent.com/developer/article/1116051,271,5
【工具】python的爬虫实现（入门版）,https://cloud.tencent.com/developer/article/1103327,283,3
如何用python 编写知乎爬虫？ so easy!,https://cloud.tencent.com/developer/article/1170665,91,0
分布式爬虫的部署之scrapyd分布式部署,https://cloud.tencent.com/developer/article/1151852,130,4
干货 | 史上最全的 python 爬虫工具列表大全,https://cloud.tencent.com/developer/article/1115970,509,14
大熊学python3爬虫Cscrapy浅探（一）,https://cloud.tencent.com/developer/article/1107744,289,10
爬虫实战：爬取当当网所有 python 书籍,https://cloud.tencent.com/developer/article/1169761,100,4
如何自学python爬虫技术（文末有福利）,https://cloud.tencent.com/developer/article/1153999,142,5
python小白使用爬虫提取豆瓣电视剧数据,https://cloud.tencent.com/developer/article/1148507,176,11
"python scrapy 入门,10分钟完成一个爬虫",https://cloud.tencent.com/developer/article/1148160,171,6
pyspider 爬虫教程 (1)：html 和 css 选择,https://cloud.tencent.com/developer/article/1102603,312,7
爬虫课程（五）｜十分钟学会使用正则表达式,https://cloud.tencent.com/developer/article/1131704,239,7
爬虫课程（六）｜scrapy安装以及目录结构介绍,https://cloud.tencent.com/developer/article/1131717,220,4
python 爬虫实战（一）：使用 requests 和 beautifulsoup,https://cloud.tencent.com/developer/article/1112551,334,6
【爬虫】（二）爬取西电教务处成绩,https://cloud.tencent.com/developer/article/1178927,55,3
bs4爬虫实战二:获取双色球中奖信息,https://cloud.tencent.com/developer/article/1176287,66,2
python爬虫：爬取拉勾网职位并分析,https://cloud.tencent.com/developer/article/1170189,69,2
超级课程表app爬虫，大学生都这么玩,https://cloud.tencent.com/developer/article/1182006,52,3
爬虫实战二：爬取电影天堂的最新电影,https://cloud.tencent.com/developer/article/1187670,54,2
nodejs爬虫获取漫威超级英雄电影海报,https://cloud.tencent.com/developer/article/1149454,128,3
爬虫技术的门道，这篇文章总结的最全,https://cloud.tencent.com/developer/article/1115388,351,7
python3使用scrapy快速构建第一款爬虫,https://cloud.tencent.com/developer/article/1127721,333,7
用python爬虫获取自己感兴趣的博客文章,https://cloud.tencent.com/developer/article/1144593,162,9
简单爬虫，突破复杂验证码和ip访问限制,https://cloud.tencent.com/developer/article/1140365,134,1
数据技术｜十分钟教会你写网络爬虫程序,https://cloud.tencent.com/developer/article/1103347,452,10
用python爬虫获取自己感兴趣的博客文章,https://cloud.tencent.com/developer/article/1102711,317,8
破解爬虫过程中遇到的email地址信息加密,https://cloud.tencent.com/developer/article/1153116,142,7
node：使用puppeteer完成一次复杂的爬虫,https://cloud.tencent.com/developer/article/1119708,420,9
python爬虫基础知识：urllib2的使用技巧,https://cloud.tencent.com/developer/article/1114099,260,5
爬虫实战一：爬取当当网所有 python 书籍,https://cloud.tencent.com/developer/article/1187742,66,3
分布式爬虫的部署之scrapyd-client的使用,https://cloud.tencent.com/developer/article/1151851,105,3
爬虫实战一：爬取当当网所有 python 书籍,https://cloud.tencent.com/developer/article/1116062,426,8
【爬虫】（一）：爬网页、爬图片、自动登录,https://cloud.tencent.com/developer/article/1178924,70,3
适合存储大量爬虫数据的数据库，了解一下？,https://cloud.tencent.com/developer/article/1166276,76,3
python爬虫入门：scrapy爬取书籍的一些信息,https://cloud.tencent.com/developer/article/1148430,176,10
python爬虫入门：scrapy爬取书籍的一些信息,https://cloud.tencent.com/developer/article/1135541,125,8
python网络爬虫与信息抽取笔记04 robots协议,https://cloud.tencent.com/developer/article/1143398,106,2
python爬虫：十几行代码下载王者荣耀所有皮肤,https://cloud.tencent.com/developer/article/1181892,55,2
python爬虫：十几行代码下载王者荣耀所有皮肤,https://cloud.tencent.com/developer/article/1114162,377,9
实战：用 python 爬虫攻破爱奇艺 vip 视频防线,https://cloud.tencent.com/developer/article/1115870,340,8
粉丝福利（附python实现代码）爬虫简单分析代码,https://cloud.tencent.com/developer/article/1155626,90,4
python爬虫基础知识：python中的正则表达式教程,https://cloud.tencent.com/developer/article/1114902,244,6
python分布式爬虫搜索引擎实战-0-目录索引目录,https://cloud.tencent.com/developer/article/1114195,270,5
这个男人让你的爬虫开发效率提升8倍,https://cloud.tencent.com/developer/article/1163966,97,3
33款你可能不知道的开源爬虫软件工具,https://cloud.tencent.com/developer/article/1178489,78,2
python爬虫之xpath语法和lxml库的用法,https://cloud.tencent.com/developer/article/1135169,169,4
python爬虫之工作篇―寻找你的招聘信息,https://cloud.tencent.com/developer/article/1178711,81,1
python爬虫小分队第四期招募帖外因内因,https://cloud.tencent.com/developer/article/1155622,119,4
21天打造分布式爬虫-简书整站爬取（十）,https://cloud.tencent.com/developer/article/1183186,72,2
如何用python网络爬虫爬取网易云音乐歌曲,https://cloud.tencent.com/developer/article/1177575,48,2
爬虫必备工具，掌握它就解决了一半的问题,https://cloud.tencent.com/developer/article/1163977,62,2
python爬虫之微博好友圈代码代码分析词云,https://cloud.tencent.com/developer/article/1155573,94,3
(原创)七夜在线音乐台开发 第三弹 爬虫篇,https://cloud.tencent.com/developer/article/1152163,88,2
史上最全156个python网络爬虫资源,https://cloud.tencent.com/developer/article/1114648,279,4
【爬虫】（四）西电研究生教务系统技术文档,https://cloud.tencent.com/developer/article/1178928,48,1
关于python爬虫，这里有一条高效的学习路径,https://cloud.tencent.com/developer/article/1167149,106,3
爬虫专题分析用户信息表收录文章信息表总结,https://cloud.tencent.com/developer/article/1155566,86,5
【nodejs爬虫】前端爬虫系列 -- 小爬「博客园」,https://cloud.tencent.com/developer/article/1136635,118,8
专栏：from 爬虫 to 数据科学专栏：from 爬虫 to 数据科学0123,https://cloud.tencent.com/developer/article/1143819,170,7
如何利用python网络爬虫抓取微信朋友圈的动态,https://cloud.tencent.com/developer/article/1189248,36,3
如何利用python网络爬虫抓取微信朋友圈的动态,https://cloud.tencent.com/developer/article/1171784,59,0
python爬虫常用的小技巧-伪造随机的user-agent,https://cloud.tencent.com/developer/article/1156560,98,4
在python爬虫中将phantomjs伪装成chrome浏览器,https://cloud.tencent.com/developer/article/1152972,118,4
python网络爬虫与信息抽取笔记02 http协议介绍,https://cloud.tencent.com/developer/article/1143400,110,2
《learning scrapy》（中文版）第3章 爬虫基础,https://cloud.tencent.com/developer/article/1106493,265,6
python爬虫:将本人博客园文章转化为markdown格式,https://cloud.tencent.com/developer/article/1150650,109,3
python网络爬虫与信息抽取笔记02 requests库入门,https://cloud.tencent.com/developer/article/1143365,140,4
学会运用爬虫框架 scrapy (四) ―― 高效下载图片,https://cloud.tencent.com/developer/article/1187774,55,2
爬虫神器“八爪鱼”获a轮融资； 滴滴启动 ai labs | dt数读,https://cloud.tencent.com/developer/article/1180395,75,0
js动态加载以及javascript void(0)的爬虫解决方案,https://cloud.tencent.com/developer/article/1166289,77,2
js动态加载以及javascript void(0)的爬虫解决方案,https://cloud.tencent.com/developer/article/1156800,107,6
爬虫课程（十一）｜知乎：使用scrapy模拟登录知乎,https://cloud.tencent.com/developer/article/1131742,257,5
python爬虫框架scrapy实战 - 抓取boss直聘招聘信息,https://cloud.tencent.com/developer/article/1182876,82,3
python网络爬虫与信息抽取笔记07 beautiful soup库,https://cloud.tencent.com/developer/article/1143486,151,2
点进来，这里告诉你：爬虫学习之一个简单的网络爬虫,https://cloud.tencent.com/developer/article/1105468,453,14
python笔记（一）：安装+爬虫环境配置+打包为exe文件,https://cloud.tencent.com/developer/article/1111138,382,10
资源整理 | 32个python爬虫项目让你一次吃到撑,https://cloud.tencent.com/developer/article/1188274,53,2
资源整理 | 32个python爬虫项目让你一次吃到撑,https://cloud.tencent.com/developer/article/1107098,449,7
python爬虫实战入门六：提高爬虫效率―并发爬取智联招聘,https://cloud.tencent.com/developer/article/1152951,112,2
可能是一份没什么用的爬虫代理ip指南,https://cloud.tencent.com/developer/article/1135285,148,3
资源整理 | 32个python爬虫项目让你一次吃到撑！,https://cloud.tencent.com/developer/article/1115663,321,7
app爬虫神器mitmproxy和mitmdump的使用,https://cloud.tencent.com/developer/article/1151810,210,4
爬虫速度太慢？ 来试试用异步协程提速吧！,https://cloud.tencent.com/developer/article/1172122,85,0
一天可抓取 1300 万条数据的新浪微博爬虫,https://cloud.tencent.com/developer/article/1115470,314,8
如何在50行以下的python代码中创建web爬虫,https://cloud.tencent.com/developer/article/1182934,56,2
scrapy爬取美女图片第四集 突破反爬虫(上),https://cloud.tencent.com/developer/article/1152159,122,3
云上部署python3爬虫--以腾讯云+ubuntu为例,https://cloud.tencent.com/developer/article/1166284,103,4
云上部署python3爬虫--以腾讯云+ubuntu为例,https://cloud.tencent.com/developer/article/1145179,211,4
爬虫之urllib包以及request模块和parse模块,https://cloud.tencent.com/developer/article/1139413,126,0
python爬虫，带你制作高逼格的数据聚合云图,https://cloud.tencent.com/developer/article/1115293,311,7
请看好你家的爬虫！,https://cloud.tencent.com/developer/article/1111617,337,7
python网络爬虫与信息抽取笔记08 标签树的遍历,https://cloud.tencent.com/developer/article/1143470,107,2
python爬虫基础知识：抓取糗百的项目实战及源码,https://cloud.tencent.com/developer/article/1114898,292,7
数据加学堂：大熊学python3爬虫Cscrapy浅探（三）,https://cloud.tencent.com/developer/article/1107753,276,7
数据咖学堂：大熊学python3爬虫Cscrapy浅探（二）,https://cloud.tencent.com/developer/article/1107733,295,7
如何利用python网络爬虫抓取微信朋友圈的动态（上）,https://cloud.tencent.com/developer/article/1177580,50,2
python爬虫入门实战八：数据储存――mongodb与mysql,https://cloud.tencent.com/developer/article/1152963,144,3
python学习干货 史上最全的 python 爬虫工具列表大全,https://cloud.tencent.com/developer/article/1175847,94,2
2018.2最新-搜索引擎搭建-scrapyd部署我们的爬虫项目,https://cloud.tencent.com/developer/article/1115792,375,11
利用python网络爬虫抓取微信好友的签名及其可视化展示,https://cloud.tencent.com/developer/article/1177546,46,2
如何提高爬虫效率？ python下简单的进程、线程效率对比,https://cloud.tencent.com/developer/article/1152921,142,6
python网络爬虫笔记（五）：下载、分析京东p20销售数据,https://cloud.tencent.com/developer/article/1111811,479,7
【转】零基础写java知乎爬虫之进阶篇,https://cloud.tencent.com/developer/article/1182475,81,3
python ―― 一个『拉勾网』的小爬虫,https://cloud.tencent.com/developer/article/1115904,330,5
python 爬虫基础 ― 介绍 + 环境搭建（不含代码级别资料）,https://cloud.tencent.com/developer/article/1147970,215,4
从0写一个爬虫，爬取500w好友关系数据,https://cloud.tencent.com/developer/article/1135995,243,6
scrapy分布式爬虫打造搜索引擎-（五）爬虫与反爬虫的战争python分布式爬虫打造搜索引擎,https://cloud.tencent.com/developer/article/1114548,288,4
python爬虫之撩妹篇―微信实时爬取电影咨询,https://cloud.tencent.com/developer/article/1178709,68,2
一个简单的多进程爬虫（爬取某加盟创业网）,https://cloud.tencent.com/developer/article/1152913,67,1
爬虫篇（3）――招聘网站招聘信息的爬取流程,https://cloud.tencent.com/developer/article/1112246,344,10
机器学习股票价格预测从爬虫到预测-预测与调参,https://cloud.tencent.com/developer/article/1168088,99,6
爬虫篇（2）――爬取博客内容页面分析代码分析,https://cloud.tencent.com/developer/article/1112243,289,11
net core 实现简单爬虫―抓取博客园的博文列表,https://cloud.tencent.com/developer/article/1151182,108,2
使用爬虫抓取网易云音乐热门评论生成好玩的词云,https://cloud.tencent.com/developer/article/1114281,270,5
机器学习股票价格预测从爬虫到预测(数据爬取部分),https://cloud.tencent.com/developer/article/1168068,103,4
python爬虫实战入门二：从一个简单的http请求开始,https://cloud.tencent.com/developer/article/1152955,94,2
爬虫实践---一次下完所有小说：排行榜小说批量下载,https://cloud.tencent.com/developer/article/1114586,264,5
python爬虫+颜值打分，5000+图片找到你的mrs. right,https://cloud.tencent.com/developer/article/1182012,66,3
scrapy分布式爬虫打造搜索引擎 - (一）基础知识python分布式爬虫打造搜索引擎,https://cloud.tencent.com/developer/article/1114595,284,6
ai in waf蛱谘对仆站管家 waf：爬虫 bot 程序管理方案,https://cloud.tencent.com/developer/article/1173992,8076,2
scrapy分布式爬虫打造搜索引擎-（七）scrapy-redis分布式爬虫python分布式爬虫打造搜索引擎,https://cloud.tencent.com/developer/article/1114541,435,9
pyspider 爬虫教程（三）：使用 phantomjs 渲染带 js 的页面,https://cloud.tencent.com/developer/article/1105992,375,7
python网络爬虫四大选择器（正则表达式、bs4、xpath、css）总结,https://cloud.tencent.com/developer/article/1177607,53,1
爬虫架构｜如何设计一款类“即刻”信息订阅推送的爬虫架构（二）,https://cloud.tencent.com/developer/article/1131764,242,8
爬虫架构｜如何设计一款类“即刻”信息订阅推送的爬虫架构（一）,https://cloud.tencent.com/developer/article/1131550,266,9
玩大数据一定用得到的18款java开源web爬虫,https://cloud.tencent.com/developer/article/1186379,78,3
数据技术|爬虫一下，百度付费文档轻松得，不用花钱，不用花钱，不用花钱！,https://cloud.tencent.com/developer/article/1103348,894,8
【重磅】33款可用来抓数据的开源爬虫软件工具,https://cloud.tencent.com/developer/article/1107529,314,4
python拉勾爬虫――以深圳地区数据分析师为例,https://cloud.tencent.com/developer/article/1106713,309,6
爬虫还在用python？ 我与node.js不得不说的故事,https://cloud.tencent.com/developer/article/1134839,177,4
6张脑图系统讲透python爬虫和数据分析、数据挖掘,https://cloud.tencent.com/developer/article/1116622,284,7
python爬虫：如何在一个月内学会爬取大规模数据？,https://cloud.tencent.com/developer/article/1170741,66,0
使用python爬虫分析《我不是药神》豆瓣一千条短评,https://cloud.tencent.com/developer/article/1159857,147,5
学会了爬虫，然后我一不小心就统治了整个python吧,https://cloud.tencent.com/developer/article/1146403,181,8
爬虫神器：一条命令下载《复仇者联盟3：无限战争》,https://cloud.tencent.com/developer/article/1164123,49,1
python爬虫实战入门三：简单的html解析―爬取腾讯新闻,https://cloud.tencent.com/developer/article/1152956,93,2
『go 语言实现简易爬虫：市值前100数字货币交易信息』,https://cloud.tencent.com/developer/article/1143924,159,4
妈妈再也不用担心爬虫被封号了！ 手把手教你搭建cookies池,https://cloud.tencent.com/developer/article/1151808,164,4
scrapy分布式爬虫打造搜索引擎-（六）scrapy进阶开发python分布式爬虫打造搜索引擎,https://cloud.tencent.com/developer/article/1114564,287,4
如何利用python网络爬虫爬取微信朋友圈动态--附代码（下）,https://cloud.tencent.com/developer/article/1177583,62,2
python数据分析之简书粉丝敌我差距爬虫分析及代码敌我差距,https://cloud.tencent.com/developer/article/1155627,110,6
python多线程爬虫爬取顶点小说内容（beautifulsoup+urllib）,https://cloud.tencent.com/developer/article/1109652,314,9
【技术】python开源爬虫项目代码：抓取淘宝、京东、qq、知网数据,https://cloud.tencent.com/developer/article/1107449,454,8
国庆不去哪儿:用python爬虫爬取热门景点并生成热力图,https://cloud.tencent.com/developer/article/1115193,404,10
王者程序员整理的python网络爬虫和web的系统学习路线图,https://cloud.tencent.com/developer/article/1177589,90,1
【推荐】python教父-廖雪峰 官方『python爬虫+数据分析』课程,https://cloud.tencent.com/developer/article/1165245,109,2
如何租到靠谱的房子？ scrapy爬虫帮你一网打尽各平台租房信息！,https://cloud.tencent.com/developer/article/1153706,76,4
利用python网络爬虫采集天气网的实时信息―beautifulsoup选择器,https://cloud.tencent.com/developer/article/1177609,68,2
王老板python面试（8）：python爬虫学到什么样就可以找工作了？,https://cloud.tencent.com/developer/article/1175462,47,1
企业级python开发大佬利用网络爬虫技术实现自动发送天气预告邮件,https://cloud.tencent.com/developer/article/1177612,35,2
如何利用python网络爬虫抓取微信好友数量以及微信好友的男女比例,https://cloud.tencent.com/developer/article/1177540,51,1
python爬虫入门实战七：使用selenium--以抓取qq空间好友说说为例,https://cloud.tencent.com/developer/article/1152941,84,3
python爬虫新手进阶版：怎样读取非结构化网页、图像、视频、语音数据,https://cloud.tencent.com/developer/article/1188044,61,3
爬虫课程（七）｜豆瓣：使用pycharm＋scrapy爬取豆瓣读书书籍信息示例,https://cloud.tencent.com/developer/article/1131722,206,7
爬虫课程（十）｜豆瓣：通过pipeline保存数据到json文件和mysql数据库,https://cloud.tencent.com/developer/article/1131688,241,5
你离餐饮界最懂顾客的老板，只差一个爬虫的距离,https://cloud.tencent.com/developer/article/1180946,81,0
爬虫课程（九）｜豆瓣：scrapy中items设计及如何把item传给item pipeline,https://cloud.tencent.com/developer/article/1131727,284,5
python分布式爬虫搜索引擎实战-3-爬虫网址去重策略+python字符串编码问题解决,https://cloud.tencent.com/developer/article/1114199,263,6
爬虫篇――基础知识介绍爬虫步骤内容请求网页（requests库）html页面解析网页,https://cloud.tencent.com/developer/article/1112261,270,7
教你分分钟学会用python爬虫框架scrapy爬取心目中的女神,https://cloud.tencent.com/developer/article/1115299,355,11
利用python网络爬虫抓取微信好友的所在省位和城市分布及其可视化,https://cloud.tencent.com/developer/article/1177541,46,2
爬虫课程（八）｜豆瓣：十分钟学会使用xpath选择器提取需要的元素值,https://cloud.tencent.com/developer/article/1131731,173,6
王老板python面试（2）: 常见的python爬虫面试题，让你轻松拿offer！,https://cloud.tencent.com/developer/article/1175475,58,1
scrapy分布式爬虫打造搜索引擎 -(二)伯乐在线爬取所有文章python分布式爬虫打造搜索引擎,https://cloud.tencent.com/developer/article/1114568,336,5
【图文详解】python爬虫实战――5分钟做个图片自动下载器,https://cloud.tencent.com/developer/article/1115199,348,8
【学习】利用爬虫技术能做到哪些很酷、很有趣、很有用的事情？,https://cloud.tencent.com/developer/article/1106043,378,7
scrapy分布式爬虫打造搜索引擎-（八）elasticsearch结合django搭建搜索引擎python分布式爬虫打造搜索引擎,https://cloud.tencent.com/developer/article/1114554,303,6
qq空间(日志、说说、个人信息)python爬虫源码（一天可抓取 400 万条数据）,https://cloud.tencent.com/developer/article/1106701,296,5
爬虫课程（十二）｜ajax分析法（微博）：通过获取api爬取新浪微博内容数据实战,https://cloud.tencent.com/developer/article/1131752,495,5
2018.2最新-scrapy+elasticsearch+django打造搜索引擎直至部署上线(三)爬虫基础知识,https://cloud.tencent.com/developer/article/1115707,270,4
python爬虫很难，那是你没有掌握爬虫的思想，看看年薪百万的大神如何来分析,https://cloud.tencent.com/developer/article/1146406,248,3
scrapy分布式爬虫打造搜索引擎集合篇 -（一）到（八）完整版python分布式爬虫打造搜索引擎,https://cloud.tencent.com/developer/article/1114535,578,4
python爬虫之xpath学习问题解决用xpath方法爬取豆瓣图书top250分析总结,https://cloud.tencent.com/developer/article/1155559,121,4
scrapy分布式爬虫打造搜索引擎 -（三）知乎网问题和答案爬取python分布式爬虫打造搜索引擎,https://cloud.tencent.com/developer/article/1114562,420,10
"百度贴吧 | 通用抓图脚本搞专业爬虫的话,先保证网速够好，再考虑多进程还是多线程~",https://cloud.tencent.com/developer/article/1102710,329,12
爬虫课程（十三）｜ajax分析法（雪球），通过获取api并破解api的反爬策略爬取数据,https://cloud.tencent.com/developer/article/1131759,289,9
分布式爬虫系统设计、实现与实战：爬取京东、苏宁易购全网手机商品数据+mysql、hbase存储,https://cloud.tencent.com/developer/article/1159649,91,3
scrapy-redis分布式抓取麦田二手房租房信息与数据分析准备工作租房爬虫二手房分布式爬虫数据分析及可视化,https://cloud.tencent.com/developer/article/1106583,422,7
爬虫篇（1）――从爬取练习题开始1 1. 对python练习100例内容的爬取,https://cloud.tencent.com/developer/article/1112241,291,7
scrapy分布式爬虫打造搜索引擎 -（四）通过crawlspider对拉勾网进行整站爬取python分布式爬虫打造搜索引擎,https://cloud.tencent.com/developer/article/1114539,290,5
"当图虫遇到爬虫... 根据”分类名称”,获取json数据根据json数据,获取图集url与title爬虫架构:运行界面:最终效果",https://cloud.tencent.com/developer/article/1102712,281,9
我用爬虫一天“偷了”知乎一百万用户，只为证明php是最好的语言（内含源代码）,https://cloud.tencent.com/developer/article/1185683,43,3
python爬虫之微打赏（scrapy版）创建项目itemssettingsweidashangspider保存为csv文件,https://cloud.tencent.com/developer/article/1155617,105,4
python 刷简书的浏览量 阅读数端午节快乐。 熬夜看世界杯，先刷到 10k 吧。 简易爬虫 common.py,https://cloud.tencent.com/developer/article/1148481,191,15
初学者路径规划 | 人生苦短我用python 纵观编程趋势python基础python高级编程数据库web前端框架和服务器爬虫数据分析,https://cloud.tencent.com/developer/article/1142039,142,5
（内含源代码）我用爬虫一天时间“偷了”知乎一百万用户，只为证明php是世界上最好的语言,https://cloud.tencent.com/developer/article/1183563,66,3
常用python爬虫框架整理python中好用的爬虫框架1.scrapy2.pyspider3.crawley4.portia5.newspaper6.beautiful soup7.grab8.co,https://cloud.tencent.com/developer/article/1175870,91,3
个人项目汇总多人在线聊天程序百度文库在线爬虫在线合成头像图虫网资源爬取双端适配优秀站点分享,https://cloud.tencent.com/developer/article/1102817,294,5
（爬虫）书籍和电影，程序员不可或缺爬虫步骤1. 分析目标网页的特征2. 找到需要爬取的数据3. 多页面数据的跳转4. 数据存储,https://cloud.tencent.com/developer/article/1108256,281,6
《learning scrapy》（中文版）第5章 快速构建爬虫一个具有登录功能的爬虫使用jsonapis和ajax页面的爬虫在响应间传递参数一个加速30倍的项目爬虫可以抓取excel文件的爬虫总结,https://cloud.tencent.com/developer/article/1106481,293,8
scrapy1.4最新官方文档总结 2tutorial创建项目提取信息xpath简短介绍继续提取名人名言用爬虫提取信息保存数据提取下一页使用爬虫参数更多例子,https://cloud.tencent.com/developer/article/1106527,290,6
"十分钟spring boot kotlin快速开发爬虫:微技:一个汇聚各大知名技术博客网站(importnew, oschina, cnblog, iteye, segmentfault,i",https://cloud.tencent.com/developer/article/1188222,41,1
"google在线深度学习神器colab1. colab 执行终端命令2. 用colab编写在线爬虫,并在线展示成果3. 在线机器学习,决策树案例 - 泰坦尼克乘客存活状况4. 在线学习python编程",https://cloud.tencent.com/developer/article/1103561,353,4
爬虫与资源|公务员考试来袭，一份人民日报时评资源献给你,https://cloud.tencent.com/developer/article/1152996,85,2
爬虫--下载视频,https://cloud.tencent.com/developer/article/1159121,87,2
python-爬虫实战,https://cloud.tencent.com/developer/article/1174906,57,2
爬虫课堂（二十）|编写spider之使用item pipeline处理数据,https://cloud.tencent.com/developer/article/1131815,247,5
爬虫课堂（二十二）|使用linkextractor提取链接,https://cloud.tencent.com/developer/article/1131837,384,5
爬虫课堂（二十三）|使用splash爬取动态页面（1）,https://cloud.tencent.com/developer/article/1131830,249,6
爬虫架构 | 消息队列应用场景及activemq、rabbitmq、rocketmq、kafka对比,https://cloud.tencent.com/developer/article/1131893,653,6
爬虫架构|celery+rabbitmq快速入门（一）,https://cloud.tencent.com/developer/article/1131772,287,5
爬虫前的准备,https://cloud.tencent.com/developer/article/1125265,294,6
爬虫之xpath详解,https://cloud.tencent.com/developer/article/1162954,69,2
爬虫值requests库,https://cloud.tencent.com/developer/article/1139397,117,0
python爬虫常用模块,https://cloud.tencent.com/developer/article/1174785,61,1
python爬虫音频数据,https://cloud.tencent.com/developer/article/1115099,353,8
beautiful soup爬虫初识,https://cloud.tencent.com/developer/article/1176308,91,4
快速写一个爬虫,https://cloud.tencent.com/developer/article/1164929,71,1
爬虫学习--第六个爬虫程序,https://cloud.tencent.com/developer/article/1159122,68,2
爬虫之cookiejar模块,https://cloud.tencent.com/developer/article/1139421,91,0
爬虫之filecookiejar,https://cloud.tencent.com/developer/article/1139420,119,0
python爬虫抓取内涵段子,https://cloud.tencent.com/developer/article/1140877,84,3
我的第一个爬虫,https://cloud.tencent.com/developer/article/1159120,83,3
python 爬虫实战：股票数据定向爬虫,https://cloud.tencent.com/developer/article/1146376,218,4
python 爬虫实战：股票数据定向爬虫,https://cloud.tencent.com/developer/article/1115693,355,11
爬虫入门（三）：beautifulsoup,https://cloud.tencent.com/developer/article/1178920,52,2
java做爬虫也很牛,https://cloud.tencent.com/developer/article/1165292,74,1
02.爬虫基础知识与简易爬虫实现,https://cloud.tencent.com/developer/article/1180852,61,0
python爬虫学习笔记之爬虫基础库,https://cloud.tencent.com/developer/article/1173299,70,2
那些你不知道的爬虫反爬虫套路,https://cloud.tencent.com/developer/article/1114429,273,6
干货 | 那些你不知道的爬虫反爬虫套路,https://cloud.tencent.com/developer/article/1187583,33,1
python爬虫之mql5爬虫,https://cloud.tencent.com/developer/article/1155620,79,3
python爬虫之 url的一般格式,https://cloud.tencent.com/developer/article/1174883,77,1
python爬虫之二：自制简易词典,https://cloud.tencent.com/developer/article/1181889,42,2
网络爬虫之scrapy框架设置代理,https://cloud.tencent.com/developer/article/1156350,96,3
python爬虫：抓取手机app的数据,https://cloud.tencent.com/developer/article/1149496,126,6
python爬虫抓取智联招聘（基础版）,https://cloud.tencent.com/developer/article/1170609,107,3
【爬虫】（三）爬虫之处理简单验证码,https://cloud.tencent.com/developer/article/1178925,64,2
爬虫需谨慎！ 那些你不知道的爬虫反爬虫套路,https://cloud.tencent.com/developer/article/1107164,239,4
【爬虫】（五）数据存储之csv,https://cloud.tencent.com/developer/article/1178930,36,1
python网络数据之用爬虫测试网站|第11天,https://cloud.tencent.com/developer/article/1140265,153,3
21天打造分布式爬虫-requests库（二）,https://cloud.tencent.com/developer/article/1172870,76,5
python爬虫基础知识：opener与handler,https://cloud.tencent.com/developer/article/1114103,351,9
记爬虫小分队（二）总结teamviewer远程,https://cloud.tencent.com/developer/article/1155574,76,3
bs4爬虫实战一:获取百度贴吧内容,https://cloud.tencent.com/developer/article/1176303,105,4
爬虫简单应用之爬取京东手机图片,https://cloud.tencent.com/developer/article/1111321,296,8
python爬虫：爬取在线教程转成pdf,https://cloud.tencent.com/developer/article/1181946,57,1
python爬虫之四：今日头条街拍美图,https://cloud.tencent.com/developer/article/1181877,62,1
21天打造分布式爬虫-urllib库（一）,https://cloud.tencent.com/developer/article/1172868,65,3
python爬虫之三：抓取猫眼电影top100,https://cloud.tencent.com/developer/article/1181879,63,1
python爬虫之五：抓取智联招聘基础版,https://cloud.tencent.com/developer/article/1181874,62,2
21天打造分布式爬虫-数据解析实战（三）,https://cloud.tencent.com/developer/article/1172871,77,3
python爬虫练手，爬取名言，实现英语词典,https://cloud.tencent.com/developer/article/1174821,69,5
爬虫课程（四）｜深度优先和广度优先算法,https://cloud.tencent.com/developer/article/1131736,280,4
爬虫利器postman自动生成代码获取代码信息,https://cloud.tencent.com/developer/article/1140341,145,3
python分布式爬虫搜索引擎实战-1-正则表达式,https://cloud.tencent.com/developer/article/1114189,340,13
《这就是搜索引擎》爬虫部分摘抄总结,https://cloud.tencent.com/developer/article/1187405,66,4
分布式爬虫的部署之scrapyd对接docker,https://cloud.tencent.com/developer/article/1151850,183,3
python爬虫基础知识：urllib2使用初阶,https://cloud.tencent.com/developer/article/1114111,338,7
python 爬虫实践：《战狼2》豆瓣影评分析,https://cloud.tencent.com/developer/article/1146378,198,5
python爬虫使用scrapy框架爬取顶点小说网,https://cloud.tencent.com/developer/article/1138872,157,0
python 爬虫实践：《战狼2》豆瓣影评分析,https://cloud.tencent.com/developer/article/1114682,408,4
【爬虫】（七）python数据存储之mysql（下）,https://cloud.tencent.com/developer/article/1178932,68,1
【爬虫】（六）python数据存储之mysql（上）,https://cloud.tencent.com/developer/article/1178931,47,2
爬虫课程（二）｜pycharm的安装激活和简单使用,https://cloud.tencent.com/developer/article/1131654,247,8
爬虫篇（4）――qq音乐文件的爬取,https://cloud.tencent.com/developer/article/1112238,284,7
安全报告 | 2018上半年互联网恶意爬虫分析：从全景视角看爬虫与反爬虫,https://cloud.tencent.com/developer/article/1159623,224,4
21天打造分布式爬虫-下载汽车之家图片（九）,https://cloud.tencent.com/developer/article/1183185,88,3
21天打造分布式爬虫-多线程下载表情包（五）,https://cloud.tencent.com/developer/article/1183178,63,2
python爬虫学习笔记之centos下安装配置mongodb3.6,https://cloud.tencent.com/developer/article/1173196,57,2
python爬虫实战：抓取并保存百度云资源（附代码）,https://cloud.tencent.com/developer/article/1115947,318,7
python分布式爬虫搜索引擎实战-4-scrapy框架初体验,https://cloud.tencent.com/developer/article/1114197,326,7
python爬虫之如何爬取抖音小姐姐的视频,https://cloud.tencent.com/developer/article/1188660,47,3
21天打造分布式爬虫-crawl爬取小程序社区（八）,https://cloud.tencent.com/developer/article/1183182,51,3
爬虫课程（三）｜python2和python3的比较及安装,https://cloud.tencent.com/developer/article/1131562,237,6
python爬虫之豆瓣音乐top250代码数据分析问题祝福,https://cloud.tencent.com/developer/article/1155561,85,3
21天打造分布式爬虫-房天下全国658城市房源（十一）,https://cloud.tencent.com/developer/article/1183187,49,1
python网络爬虫笔记（一）：网页抓取方式和lxml示例,https://cloud.tencent.com/developer/article/1111802,381,4
21天打造分布式爬虫-selenium爬取拉钩职位信息（六）,https://cloud.tencent.com/developer/article/1183180,77,2
python分布式爬虫搜索引擎实战-2-深度优先和广度优先,https://cloud.tencent.com/developer/article/1114201,339,11
python网络爬虫笔记（三）：下载博客园随笔到word文档,https://cloud.tencent.com/developer/article/1111805,370,6
python网络爬虫笔记（四）：使用selenium获取动态加载的内容,https://cloud.tencent.com/developer/article/1111808,332,6
python爬虫实战之使用scrapy爬起点网的完本小说,https://cloud.tencent.com/developer/article/1114918,273,7
简单爬虫 -- 以爬取nasa aod数据（tiff文件）为例,https://cloud.tencent.com/developer/article/1149745,142,6
21天打造分布式爬虫-中国天气网和古诗文网实战（四）,https://cloud.tencent.com/developer/article/1183177,65,2
rcurl爬虫和shiny包在游戏行业的应用（附pdf下载）,https://cloud.tencent.com/developer/article/1106373,262,5
python爬虫实战入门五：获取js动态内容―爬取今日头条,https://cloud.tencent.com/developer/article/1152952,98,2
python爬虫：100万以大学专业为关键词的职位信息爬取,https://cloud.tencent.com/developer/article/1152936,65,2
python分布式爬虫搜索引擎实战-5-右键即可的爬虫利器xpath爬取伯乐在线实例,https://cloud.tencent.com/developer/article/1114265,345,6
爬虫｜利用anyproxy爬取微信公众号文章及临时链接转永久链接,https://cloud.tencent.com/developer/article/1131506,727,8
python爬虫实战入门四：使用cookie模拟登录――获取电子书下载链接,https://cloud.tencent.com/developer/article/1152953,88,1
爬虫｜使用python爬取微信公众号全部的文章（永久链接）――技术难点,https://cloud.tencent.com/developer/article/1131495,232,5
python爬虫入门：获取在百度图片搜索的时候第一页的所有图片并下载,https://cloud.tencent.com/developer/article/1148431,162,5
python爬虫入门：获取在百度图片搜索的时候第一页的所有图片并下载,https://cloud.tencent.com/developer/article/1135543,117,3
python爬虫之小猪短租房一、xpath爬取分析二、代码三、简单分析四、问题,https://cloud.tencent.com/developer/article/1155558,90,2
python爬虫之微博评论爬取提交cookie信息模拟微博登录异步加载数据如何爬取代码词云制作及分析总结,https://cloud.tencent.com/developer/article/1155560,135,3
（数据科学学习手札47）基于python的网络数据采集实战（2）,https://cloud.tencent.com/developer/article/1189537,25,3
python抓取炉石传说卡牌，做一个女神的拼图游戏,https://cloud.tencent.com/developer/article/1189529,11,2
用python获取磁力种子,https://cloud.tencent.com/developer/article/1189271,43,3
用python可视化分析 ”绝地求生1800万游戏数据,https://cloud.tencent.com/developer/article/1189220,30,2
python学习(一)---- python基础必备,https://cloud.tencent.com/developer/article/1189201,59,3
学好python爬取京东知乎价值数据,https://cloud.tencent.com/developer/article/1189068,37,2
爬了知乎200万数据，图说程序员都喜欢去哪儿工作~,https://cloud.tencent.com/developer/article/1189021,32,1
跳槽失败：数据分析师+211硕士+掌握工具+做过bi项目,https://cloud.tencent.com/developer/article/1189013,37,2
你需要知道的,https://cloud.tencent.com/developer/article/1188986,53,2
我用python抓取了1008328条热评告诉你为什么！,https://cloud.tencent.com/developer/article/1188961,60,3
文件io操作与多线程《kotlin极简教程》正式上架,https://cloud.tencent.com/developer/article/1188929,46,2
霍金已逝，人工智能的威胁还在！,https://cloud.tencent.com/developer/article/1188905,36,1
用 python分析胡歌的《猎场》到底值不值得看？,https://cloud.tencent.com/developer/article/1188724,47,3
我是怎样爬下6万共享单车数据并进行分析的（附代码）,https://cloud.tencent.com/developer/article/1188710,37,2
第9章 文件io操作、正则表达式与多线程第9章 文件io操作、正则表达式与多线程,https://cloud.tencent.com/developer/article/1188700,46,3
服务端开发,https://cloud.tencent.com/developer/article/1188677,63,3
第13章 kotlin 集成 springboot 服务端开发（2）,https://cloud.tencent.com/developer/article/1188670,32,1
爬取了陈奕迅新歌《我们》10万条评论数据发现：原来，有些人只适合遇见,https://cloud.tencent.com/developer/article/1188551,67,4
终于有人把云计算、大数据和人工智能讲明白了！,https://cloud.tencent.com/developer/article/1188544,33,2
独家 | 一文读懂推荐系统知识体系（附学习资料）,https://cloud.tencent.com/developer/article/1188485,58,6
这里有10个优质python开源项目，来帮你学好python,https://cloud.tencent.com/developer/article/1188473,63,6
js 返回页面顶部的实现( layui),https://cloud.tencent.com/developer/article/1188216,35,2
金融行业大数据用户画像实践,https://cloud.tencent.com/developer/article/1188205,46,3
谁说不能用 python开发企业应用？,https://cloud.tencent.com/developer/article/1188146,32,2
python入门 2018最新最全学习资料免费获取啦,https://cloud.tencent.com/developer/article/1188072,58,2
游魂的网络日志,https://cloud.tencent.com/developer/article/1188040,29,1
最全python数据工具箱：标准库、第三方库和外部工具都在这里了,https://cloud.tencent.com/developer/article/1188016,40,2
我用python做了六百万字的歌词分析，告诉你中国rapper都在唱些啥,https://cloud.tencent.com/developer/article/1187960,67,2
当然是书,https://cloud.tencent.com/developer/article/1187924,58,2
爬了29个城市的数据告诉你答案,https://cloud.tencent.com/developer/article/1187909,56,3
这些数据获取方式，一般人不知道,https://cloud.tencent.com/developer/article/1187907,79,2
多线程爬取 unsplash 图库,https://cloud.tencent.com/developer/article/1187905,34,3
总结是成长的秘方,https://cloud.tencent.com/developer/article/1187903,62,3
这些抓包工具，你值得拥有,https://cloud.tencent.com/developer/article/1187898,37,2
干货 | 从小白到大数据技术专家的学习历程,https://cloud.tencent.com/developer/article/1187882,99,3
我爬取豆瓣影评，告诉你《复仇者联盟3》在讲什么？,https://cloud.tencent.com/developer/article/1187870,61,3
该如何学习 python？,https://cloud.tencent.com/developer/article/1187827,44,1
我国网络信息安全产业概览（政策+产业链+挑战）,https://cloud.tencent.com/developer/article/1187825,71,3
python 实现识别弱图片验证码,https://cloud.tencent.com/developer/article/1187805,60,2
scrapy 框架插件之 ip 免费代理池,https://cloud.tencent.com/developer/article/1187801,50,1
2017年最流行的15个数据科学python库,https://cloud.tencent.com/developer/article/1187761,72,3
python 绘图，我只用 matplotlib（一）,https://cloud.tencent.com/developer/article/1187753,29,1
python 正则表达式,https://cloud.tencent.com/developer/article/1187750,65,2
python 多进程与多线程,https://cloud.tencent.com/developer/article/1187739,63,1
python 多进程与多线程,https://cloud.tencent.com/developer/article/1187734,65,1
ai时代，人工智能如何赋能企业风险监控？,https://cloud.tencent.com/developer/article/1187722,42,3
用数据分析告诉你数据分析师能挣多少钱,https://cloud.tencent.com/developer/article/1187685,34,1
"用 python 学习数据结构, 有它就不用愁",https://cloud.tencent.com/developer/article/1187664,40,2
直击 smp 2018 六大特邀报告，看社会媒体处理的多领域应用,https://cloud.tencent.com/developer/article/1187662,45,2
35张ppt，教你快速成为数据分析师,https://cloud.tencent.com/developer/article/1187660,60,2
详解 python3 urllib,https://cloud.tencent.com/developer/article/1187606,37,1
常用python标准库,https://cloud.tencent.com/developer/article/1187518,54,3
python 中各种时间类型的转换,https://cloud.tencent.com/developer/article/1187447,62,2
深入理解python异步编程（上）,https://cloud.tencent.com/developer/article/1187407,56,1
【强烈推荐】十三个鲜为人知的大数据学习网站,https://cloud.tencent.com/developer/article/1187352,65,3
做研究必读：一分钟教你用excel从统计局抓数据！,https://cloud.tencent.com/developer/article/1187225,68,3
ios9系列专题二――全新的搜索功能api 原,https://cloud.tencent.com/developer/article/1187215,66,5
程序猿分析了42万字歌词后，终于搞清楚民谣歌手唱什么了,https://cloud.tencent.com/developer/article/1186957,57,3
投融资汇总 | 本周（8.05-8.11）燧原科技创立5个月即获得亿元级融资,https://cloud.tencent.com/developer/article/1186918,58,5
requests发送post请求，你真的明白吗？,https://cloud.tencent.com/developer/article/1186889,125,2
一篇对大数据深度思考的文章，让你认识并读懂大数据,https://cloud.tencent.com/developer/article/1186858,85,3
大数据除了hadoop，还有scrapy,https://cloud.tencent.com/developer/article/1186788,52,2
spring之resttemplate中级使用篇,https://cloud.tencent.com/developer/article/1186676,59,1
大数据技术在工业界的应用,https://cloud.tencent.com/developer/article/1186648,78,2
001.html常用的基础知识点,https://cloud.tencent.com/developer/article/1186510,58,2
7步教你打造你的第一份数据报告,https://cloud.tencent.com/developer/article/1186488,57,2
隐私泄漏严重，只通过手机号可能获取你的所有信息,https://cloud.tencent.com/developer/article/1186479,61,2
高级运维架构师分享linux 集群和自动化运维心得,https://cloud.tencent.com/developer/article/1186387,45,2
文本挖掘告诉你,https://cloud.tencent.com/developer/article/1186377,35,1
有趣的python开源库之hashids,https://cloud.tencent.com/developer/article/1186375,44,1
python资源大全中文版 原,https://cloud.tencent.com/developer/article/1186227,54,1
分分钟学会用python爬取心目中的女神――scrapy,https://cloud.tencent.com/developer/article/1186189,63,3
互联网广告：大数据变现的颜值担当,https://cloud.tencent.com/developer/article/1185972,53,1
数据揭秘北京车牌摇号内幕：摇166年都不中的概率是37%！,https://cloud.tencent.com/developer/article/1185610,62,2
大数据技能知多少？,https://cloud.tencent.com/developer/article/1185593,61,3
一篇文章带你详解 http 协议之报文首部及字段详解（中）,https://cloud.tencent.com/developer/article/1185497,61,2
漫画：鉴权与安全访问控制的技术血脉,https://cloud.tencent.com/developer/article/1185127,47,1
每周分享第1期,https://cloud.tencent.com/developer/article/1185122,33,1
"租房,二手房,薪酬",https://cloud.tencent.com/developer/article/1185066,39,2
一条数据狗的上海房价研究,https://cloud.tencent.com/developer/article/1185051,62,2
使用python抓取婚恋网用户数据并用决策树生成自己择偶观,https://cloud.tencent.com/developer/article/1185045,58,2
一篇对大数据深度思考的文章，让你认识并读懂大数据,https://cloud.tencent.com/developer/article/1184993,62,1
爬取qq空间3000万用户，玩玩大数据分析,https://cloud.tencent.com/developer/article/1184845,48,1
到底有多少种「搞数据的」，你凌乱过吗？,https://cloud.tencent.com/developer/article/1184805,34,1
大数据痛点 |《财经》封面报道,https://cloud.tencent.com/developer/article/1184803,67,2
拨开数据迷雾：如何理清大数据脉络？,https://cloud.tencent.com/developer/article/1184802,20,1
借网站日记分析~普及一下pandas基础,https://cloud.tencent.com/developer/article/1184759,30,2
租房数据分析：2016年在北京如何租到好房子?,https://cloud.tencent.com/developer/article/1184519,77,4
防水墙助力大象公益，拒绝象牙买卖,https://cloud.tencent.com/developer/article/1184495,62,2
9个基于java的搜索引擎框架 转,https://cloud.tencent.com/developer/article/1184216,73,4
机器学习ai告诉你答案(含预测),https://cloud.tencent.com/developer/article/1184136,53,2
当说到网站建设的时候，我们都在谈论什么？,https://cloud.tencent.com/developer/article/1183974,76,4
互联网和金融，在数据挖掘上究竟存在什么区别？,https://cloud.tencent.com/developer/article/1183870,36,2
bat三巨头开挖大数据――百度腾讯阿里，其大数据优劣势与策略分析,https://cloud.tencent.com/developer/article/1183695,60,2
曾被张一鸣力捧过的百度，又啪啪啪被打脸了？,https://cloud.tencent.com/developer/article/1183683,48,3
最新全栈python视频教程，全套完整版，从day1-day92，从入门到精通，决不放弃！,https://cloud.tencent.com/developer/article/1183666,80,3
从数据沉淀、数据挖掘和数据呈现这三个概念了解大数据,https://cloud.tencent.com/developer/article/1183615,59,2
http 简明基础知识,https://cloud.tencent.com/developer/article/1183584,47,1
我从腾讯那“偷 了”3000万qq用户数据，出了份很有趣的独家报告！,https://cloud.tencent.com/developer/article/1183497,52,5
2015年度大数据发展10大预测,https://cloud.tencent.com/developer/article/1183479,92,1
需要跨过几道坎？,https://cloud.tencent.com/developer/article/1183470,56,4
应用 | 大数据应用于市场与用户研究,https://cloud.tencent.com/developer/article/1183469,89,3
国外、国内hadoop的应用现状,https://cloud.tencent.com/developer/article/1183460,56,2
3个案例详解聚类、回归、分类算法,https://cloud.tencent.com/developer/article/1183406,63,4
大数据公司挖掘数据价值的49个典型案例（值得收藏）,https://cloud.tencent.com/developer/article/1183402,59,3
生意参谋 app需求分析编码gui交付licence,https://cloud.tencent.com/developer/article/1182938,62,2
知乎看了很多推荐，最终选了这本python入门,https://cloud.tencent.com/developer/article/1182881,53,1
| 网易云创沙龙解密如何利用互联网业务赋能解决企业数字化转型,https://cloud.tencent.com/developer/article/1182869,70,2
从人脸识别到情感分析，50个机器学习实用api,https://cloud.tencent.com/developer/article/1182858,46,1
50行代码教你打造一个公众号文章采集器,https://cloud.tencent.com/developer/article/1182844,29,1
12行python暴力爬《黑豹》豆瓣短评,https://cloud.tencent.com/developer/article/1182838,38,3
python小练：爬取豆瓣影评，看一部电影到底在讲什么？,https://cloud.tencent.com/developer/article/1182816,78,3
神级程序员教你用python任意下！,https://cloud.tencent.com/developer/article/1182794,82,4
微服务架构在千万级别日调用量、亿级别海量数据场景下的应用实践,https://cloud.tencent.com/developer/article/1182775,63,2
内含ppt资源包，限时领取！,https://cloud.tencent.com/developer/article/1182724,68,2
抖音会是下一个巨头吗？,https://cloud.tencent.com/developer/article/1182706,64,3
2018年python web五大主流框架,https://cloud.tencent.com/developer/article/1182697,62,3
11个python爱好者最爱访问的站点,https://cloud.tencent.com/developer/article/1182652,49,2
失眠、掉发、做梦都在改bug,https://cloud.tencent.com/developer/article/1182613,41,3
250g视频教程，73套电子书，一网打尽决不放弃！,https://cloud.tencent.com/developer/article/1182588,28,2
用python爬取双色球开奖信息，了解一下,https://cloud.tencent.com/developer/article/1182544,94,3
numpy基础操作快速入门,https://cloud.tencent.com/developer/article/1181876,47,1
新的一年来自一个程序员的反思!,https://cloud.tencent.com/developer/article/1181646,52,2
天眼查柳超：不会做产品经理的ceo，不是好的科学家,https://cloud.tencent.com/developer/article/1180976,81,0
4500个热门景点数据，告诉你国庆长假的正确打开姿势,https://cloud.tencent.com/developer/article/1180780,64,0
数据而论：这是一个中式茶馆崛起的时代？,https://cloud.tencent.com/developer/article/1180726,66,0
有了大数据加智能，你愿把荷包交给机器打理吗？,https://cloud.tencent.com/developer/article/1180640,49,0
从0开始编写信息收集器,https://cloud.tencent.com/developer/article/1180624,68,0
